{"bin_edges": [0.0, 2.0, 4.0, 6.0, 8.0, 10.0, 12.0, 14.0, 16.0, 18.0, 20.0, 22.0, 24.0, 26.0, 28.0, 30.0, 32.0, 34.0, 36.0, 38.0, 40.0, 42.0, 44.0, 46.0, 48.0, 50.0, 52.0, 54.0, 56.0, 58.0, 60.0, 62.0, 64.0, 66.0, 68.0, 70.0, 72.0, 74.0, 76.0, 78.0, 80.0, 82.0, 84.0, 86.0, 88.0, 90.0, 92.0, 94.0, 96.0, 98.0, 100.0], "counts": [0, 0, 0, 0, 0, 0, 0, 37, 291, 1098, 3563, 7153, 12738, 17060, 19114, 21238, 23252, 25504, 27376, 28915, 30168, 30709, 31184, 31624, 32145, 31923, 31124, 29818, 28642, 26310, 23657, 20419, 17039, 13546, 9985, 7252, 4852, 3092, 1725, 925, 453, 178, 95, 31, 9, 0, 0, 0, 0, 0], "total": 594244, "mean": 47.094905459710155, "median": 47.11699971231849, "high_risk_count": 18612}