{"total_providers": 594244, "providers_with_mismatch": 145485, "pct_providers_mismatch": 24.482367512335003, "total_paid": 1093571193814.201, "total_mismatch_paid": 320088451001.01953, "pct_mismatch_paid": 29.27001486611972, "total_claims": 17096724721, "total_mismatch_claims": 6033968356, "pct_mismatch_claims": 35.29312458653816}